### 数据类型

#### 数字
|  数据类型   |大小（byte）|范围            |描述|  
|------------|----------|----------------|---|  
|bigint      |8         |-2^63 ~ (2^63-1)|   |  
|int         |4         |-2^31 ~ (2^31-1)|   |  
|smallint    |2         |-2^15 ~ (2^15-1)|   |  
|tinyint     |          |0 ~ 255         |   |  
|bit(n)      |          |                |   |  
|numeric(p,q)|          |                |   |

#### 字符
|   数据类型  |大小（byte）|范围            |描述|  
|------------|----------|----------------|---|  
|char(n)     |          |1 ~ 8000        |   |  
|varchar(n)  |          |1 ~ 8000        |   |  
|text        |          |2^31-1          |   |  
|nchar(n)    |          |1 ~ 4000        |   |  
|nchar(n)    |          |1 ~ 4000        |   |  
|ntext       |          |2^30-1          |   |  
|binary(n)   |          |1 ~ 8000        |   |  
|varbinary(n)|          |1 ~ 8000        |   |  
|image       |          |2^31-1          |   |

#### 时间
|   类型    |大小（byte）|                    范围                  |  
|----------|-----------|-----------------------------------------|  
|datetime  | 8         |1000-01-01 00:00:00 ~ 9999-12-31 23:59:59|  
|timestamp | 4         |1970-01-01 00:00:01 ~ 2038               |  
|date      | 3         | 1000-01-01 ~ 9999-12-31                 |  
|year      | 1         | 1901 ~ 2155                             |
### 安装
#### docker安装
```shell
# docker 中下载 mysql
docker pull mysql

# 启动（高版本的mysql对内有要求，故这里选择5.5）
sudo docker run --name test2mysql -p 3306:3306 -e MYSQL_ROOT_PASSWORD=123456 -d mysql:5.5
但是django要求最低版本是5.6
sudo docker run --name test2mysql -p 3306:3306 -e MYSQL_ROOT_PASSWORD=123456 -d mysql:5.6
# $PWD/conf/mysql:/etc/mysql映射本地cong/mysql目录到容器的/etc/mysql
sudo docker run --name test2mysql -p 3306:3306 -e MYSQL_ROOT_PASSWORD=123456 -v $PWD/conf/mysql:/etc/mysql -d mysql

#进入容器
docker exec -it mysql bash

#登录mysql，修改root密码
mysql -u root -p
use mysql；
UPDATE user SET PASSWORD='new passwd' WHERE USER='root';

#添加远程登录用户
CREATE USER 'testuser'@'%' IDENTIFIED WITH mysql_native_password BY 'passwd';
GRANT ALL PRIVILEGES ON *.* TO 'testuser'@'%';

# 启动失败查看日志
# journalctl -u docker.service
sudo docker logs testmysql
```

### 基本操作
#### 1.在root用户下创建新用户
```
MariaDB [(none)]> create user '用户名'@'访问选项' identified by '密码';
```
mysql8.0之后，加入了caching_sha2_password插件，可能会导致不支持的客户端连接不上。
```
//使用原生密码即可。
create user '用户名'@'访问选项' identified with mysql_native_password by '密码';
```
访问选项包括本地和远程访问，只是本机访问的话填'localhost',远程访问填'%'。
#### 2.给予权限
MariaDB [(none)]> grant 权限选项 on 数据库名.* to '用户名'@'访问选项';
|权限分布|                      可能的设置的权限                                                              |
|表权限  |'Select', 'Insert', 'Update', 'Delete', 'Create', 'Drop', 'Grant', 'References', 'Index', 'Alter'|
|列权限  |'Select', 'Insert', 'Update', 'References'|
|过程权限|'Execute', 'Alter Routine', 'Grant'|
权限可以给多个，中间用','隔开即可，给全部权限用‘all’。  
数据库名也可以给多个，全部的话用'*'。
Eg:
__给dy用户的所有数据库给插入和查看权限。__
```
MariaDB [(none)]> grant Select,Insert on *.* to 'dy'@'localhost';
```
#### 3.建database
登录到相应的用户：
```
$ mysql -u用户名 -p
Enter password:
Welcome to the MariaDB monitor.  Commands end with ; or \g.
Your MariaDB connection id is 3
Server version: 10.1.28-MariaDB MariaDB Server

Copyright (c) 2000, 2017, Oracle, MariaDB Corporation Ab and others.

Type 'help;' or '\h' for help. Type '\c' to clear the current input statement.

MariaDB [(none)]>
```
#### 4.建表(create table ...(...))
create table 表名(
  列名 类型 约束,
  ...
  表级约束,
  ...
  )
```
MariaDB [(none)]> use testbase;
Database changed
MariaDB [testbase]> show tables;
+--------------------+
| Tables_in_testbase |
+--------------------+
| testtable          |
+--------------------+
1 row in set (0.01 sec)

MariaDB [testbase]> create table testtable2( testchar1 char(4) NOT NULL, testvarchar varchar(10), PRIMARY KEY(testchar1));
Query OK, 0 rows affected (0.27 sec)

MariaDB [testbase]> show tables;
+--------------------+
| Tables_in_testbase |
+--------------------+
| testtable          |
| testtable2         |
+--------------------+
2 rows in set (0.00 sec)

```
#### 5.删表删库
```
drop database 库名
drop table 表名

# 删除”wp_”开头的表：
Select CONCAT( 'drop table ', table_name, ';' ) 
FROM information_schema.tables 
Where table_name LIKE 'wp_%';
```
#### 修改表结构
```

```
#### 6.查看库信息
##### (1).查看用户(select ... from mysql.user;)
用户相关信息保存在mysql.user表中。
```
MariaDB [(none)]> select User,host from mysql.user;
+------+-----------+
| User | host      |
+------+-----------+
| root | 127.0.0.1 |
| root | ::1       |
| dy   | localhost |
| root | localhost |
+------+-----------+
4 rows in set (0.00 sec)
```

##### (2).查看数据库(show databases;)
```
MariaDB [(none)]> show databases;
+--------------------+
| Database           |
+--------------------+
| information_schema |
| mysql              |
| performance_schema |
| testbase           |
+--------------------+
4 rows in set (0.06 sec)
```
##### (3).查看表(show tables;)
当然要先选择一个database。
```
MariaDB [(none)]> use mysql;
Database changed
MariaDB [mysql]> show tables;
+---------------------------+
| Tables_in_mysql           |
+---------------------------+
| c

```
##### 查看表结构
```
desc table_name;
```
##### 插入数据
```
mysql> insert into account_dossier (id,code,addr,type,create_date) values (1,"sfs","haiyuan","ming",2018-11-11 );
```
##### 修改数据
```
mysql> update water_quan_elecmoneybill set create_date="2018-11-11", time="2018-12-01" where id = 1;
```

##### 查询数据
普通查询
```
select * from table_name; #查询所有字段
select coulmn1, coulmn2 from table-name; #查询选中字段
```
条件查询
```
select column1, column2 from table_name where solumn1='1';
select column1, column2 from table_name where solumn1>='1';
select column1, column2 from table_name where solumn1<='1';
select column1, column2 from table_name where solumn1!='1';
select column1, column2 from table_name BINARY where solumn1='1'; #区分大小写比较，默认不区分

select column1, column2 from table_name where solumn1 LIKE '%COM';  #查询以COM为结尾的
```
连接查询 inner join，left join，right join
* inner join：获取两个表中字段匹配关系的记录。
* left join：获取左表所有记录，即使右表没有对应匹配的记录。
* right join：与 LEFT JOIN 相反，用于获取右表所有记录，即使左表没有对应匹配的记录。
```
现在，user表中有这些数据
+---------------+--------------+
| user          | age          |
+---------------+--------------+
| user1         | 10           |
| user2         | 20           |
| user3         | 22           |
+---------------+--------------+
article表中有这些数据
+---------------+--------------+
| user          | content      |
+---------------+--------------+
| user1         | 1234         |
| user1         | 2345         |
| user3         | 3456         |
+---------------+--------------+
执行内联查询
select a.user, a.content, u.age from article a inner join user u on u.user=a.user;
a.user a.content u.age
user1 1234 10
user1 2345 10
user3 3456 22
如果这里使用left join，就会查询左边的表里所有的数据，即使右边的表里没有数据，比如：
select a.user, a.content, u.age from article a left join user u on u.user=a.user;
a.user a.content u.age
user1 1234 10
user1 2345 10
user3 3456 22
因为这里article表中有的数据，user表中都有，所以还会是和inner join相同的结果，如果使用right join：
select a.user, a.content, u.age from article a right join user u on u.user=a.user;
a.user a.content u.age
user1 1234 10
null null 20
user3 3456 22
因为article表中没有user2，所以第二行有null值。
```
限制数量
```
select * from table_name limit 100; #查看100条数据 
```
排序
```
```

### mysql导入导出
```
# 导出所有数据和表结构
mysqldump -uroot -p abc > abc.sql
# 只导出表结构
mysqldump -uroot -p -d abc > abc.sql
# 导入
> use database;
> source /home/abc/abc.sql;
```

# sqlite操作
```
# 创建
sqlite3 test.db
# 退出
.exit
# 打开文件
sqlite3 db.sqlite3
# 列出数据库
.databases
# 列出表
.tables
# 查看建表语句
.schema tablename
# 列出条目，这里有一些选项 
.header on  # 显示字段名称
.separator ", "  # 设置字段间的分割符
.mode line  # 行模式
.mode column  # 列模式
select * from tablename;
# 删除表
drop table tablename
```



